{
  "zero_fill": {
    "r2": 0.15545309580278877,
    "rmse": 0.16964513063430786,
    "corr": 0.41830389386378447
  },
  "physics_fill": {
    "r2": 0.2450715985347307,
    "rmse": 0.1603918820619583,
    "corr": 0.509699846445972
  },
  "settings": {
    "days": 100,
    "epochs": 100,
    "coarsen_factor": 4
  }
}