{
  "zero_fill": {
    "overall": {
      "mean": 0.2090655147035947,
      "std": 0.0057619285519894745,
      "values": [
        0.20220449365219106,
        0.20868885783653657,
        0.21630319262205644
      ]
    },
    "coastal": {
      "mean": 0.15775819775601407,
      "std": 0.007166163387944434,
      "values": [
        0.14967051965354072,
        0.15651309137955416,
        0.16709098223494734
      ]
    },
    "open_ocean": {
      "mean": 0.2723107248234867,
      "std": 0.00665521679974109,
      "values": [
        0.26393633864266375,
        0.28021814748318086,
        0.2727776883446156
      ]
    }
  },
  "replicate_fill": {
    "overall": {
      "mean": 0.30852157297935406,
      "std": 0.015422678119535797,
      "values": [
        0.2872911072901497,
        0.3234656619699664,
        0.3148079496779461
      ]
    },
    "coastal": {
      "mean": 0.24867365036602193,
      "std": 0.02716158760353896,
      "values": [
        0.22716989556398492,
        0.28699034517578603,
        0.2318607103582948
      ]
    },
    "open_ocean": {
      "mean": 0.3837968981969579,
      "std": 0.025578248854063783,
      "values": [
        0.36085053375376674,
        0.3710529688899088,
        0.4194871919471981
      ]
    }
  },
  "laplace_fill": {
    "overall": {
      "mean": 0.40559582968633795,
      "std": 0.025094481563620482,
      "values": [
        0.3715766699411964,
        0.43135881375934637,
        0.413852005358471
      ]
    },
    "coastal": {
      "mean": 0.3742685107947261,
      "std": 0.02570766543494207,
      "values": [
        0.33922486851577527,
        0.40017385416778983,
        0.38340680970061325
      ]
    },
    "open_ocean": {
      "mean": 0.44237111503635457,
      "std": 0.02661428431671072,
      "values": [
        0.40759941501311947,
        0.4722340180917275,
        0.4472799120042168
      ]
    }
  }
}