{
  "zero_fill": {
    "overall": {
      "mean": 0.2106859117438577,
      "std": 0.0159020833007528,
      "values": [
        0.20604965079914572,
        0.23117290046479455,
        0.18375159918328887,
        0.2119680371786925,
        0.22048737109336702
      ]
    },
    "coastal": {
      "mean": 0.1554125387920606,
      "std": 0.013008978425859465,
      "values": [
        0.1503120043014412,
        0.17196209654146966,
        0.13454748019535379,
        0.15435068845365107,
        0.1658904244683873
      ]
    },
    "open_ocean": {
      "mean": 0.2797096600560692,
      "std": 0.024289022155860374,
      "values": [
        0.2789104959624168,
        0.31817068834337126,
        0.241872676164529,
        0.27542452377955706,
        0.2841699160304719
      ]
    }
  },
  "replicate_fill": {
    "overall": {
      "mean": 0.33468206103390885,
      "std": 0.03665585355473904,
      "values": [
        0.36923341281612465,
        0.37409595049646005,
        0.2963721665762079,
        0.2862953667465825,
        0.3474134085341689
      ]
    },
    "coastal": {
      "mean": 0.29394000047694363,
      "std": 0.042330059147987015,
      "values": [
        0.332716060189865,
        0.33138693028549493,
        0.26482108873193844,
        0.22513309397419445,
        0.3156428292032253
      ]
    },
    "open_ocean": {
      "mean": 0.38361851187481183,
      "std": 0.038099883351947396,
      "values": [
        0.41514522916604946,
        0.4353068656692224,
        0.3308685383388327,
        0.3552374851724701,
        0.3815344410274847
      ]
    }
  },
  "laplace_fill": {
    "overall": {
      "mean": 0.4009256769790466,
      "std": 0.03183259960620415,
      "values": [
        0.4208654534666959,
        0.3520673578510972,
        0.4470988206109807,
        0.3930132658149148,
        0.3915834871515441
      ]
    },
    "coastal": {
      "mean": 0.37248444946629145,
      "std": 0.03293061602668007,
      "values": [
        0.39013750512982204,
        0.3197619620908616,
        0.41987955017789236,
        0.3683928079274207,
        0.36425042200546054
      ]
    },
    "open_ocean": {
      "mean": 0.43357559207051655,
      "std": 0.03020335881578646,
      "values": [
        0.4587015537739014,
        0.3946021949055514,
        0.477692963662129,
        0.4166381551615086,
        0.42024309284949235
      ]
    }
  }
}