{
  "zero_fill": {
    "overall": {
      "mean": 0.2149709828796759,
      "std": 0.01709745061931522,
      "values": [
        0.1965172289058842,
        0.24554448864432632,
        0.202173707387309,
        0.2119680371786925,
        0.21865145228216754
      ]
    },
    "coastal": {
      "mean": 0.15808280121483148,
      "std": 0.015154041497128259,
      "values": [
        0.14263512333783446,
        0.18514024941319718,
        0.1460036037789344,
        0.15435068845365107,
        0.16228434109054035
      ]
    },
    "open_ocean": {
      "mean": 0.28373861690622054,
      "std": 0.016748195074460955,
      "values": [
        0.2657818578647655,
        0.3153116239417606,
        0.2809657710776817,
        0.27542452377955706,
        0.2812093078673379
      ]
    }
  },
  "replicate_fill": {
    "overall": {
      "mean": 0.30850067634543754,
      "std": 0.033815245303454325,
      "values": [
        0.2746701202694406,
        0.3241639929089135,
        0.2898317007460378,
        0.2862953667465825,
        0.36754220105621316
      ]
    },
    "coastal": {
      "mean": 0.25365590979577235,
      "std": 0.04171743567061995,
      "values": [
        0.22823350097508088,
        0.24211188267674522,
        0.2365799240193388,
        0.22513309397419445,
        0.33622114733350217
      ]
    },
    "open_ocean": {
      "mean": 0.3755448459393973,
      "std": 0.03207553628585789,
      "values": [
        0.33376814113700737,
        0.4232442707764288,
        0.36530409284758836,
        0.3552374851724701,
        0.40017023976349186
      ]
    }
  },
  "laplace_fill": {
    "overall": {
      "mean": 0.3898023260743086,
      "std": 0.015806076448298532,
      "values": [
        0.3636347338518656,
        0.3949089254113545,
        0.4123052333960032,
        0.3930132658149148,
        0.3851494718974049
      ]
    },
    "coastal": {
      "mean": 0.36062092335127005,
      "std": 0.013953074985145381,
      "values": [
        0.3347359953947192,
        0.3680089273735836,
        0.3740739925936817,
        0.3683928079274207,
        0.357892893466945
      ]
    },
    "open_ocean": {
      "mean": 0.4228751216825903,
      "std": 0.022788738977601333,
      "values": [
        0.39704789411124375,
        0.4226563892775085,
        0.46518475424114003,
        0.4166381551615086,
        0.4128484156215506
      ]
    }
  }
}