{
  "zero_fill": {
    "r2_overall": 0.2094696274517922,
    "r2_coastal": 0.14551050873872284,
    "r2_open_ocean": 0.29506096778386215
  },
  "replicate_fill": {
    "r2_overall": 0.33089178799543373,
    "r2_coastal": 0.2948738814202402,
    "r2_open_ocean": 0.3754014923690454
  },
  "laplace_fill": {
    "r2_overall": 0.412971684763044,
    "r2_coastal": 0.38085318950758684,
    "r2_open_ocean": 0.45281999937047357
  }
}