{
  "zero_fill": {
    "r2": 0.21049027404399,
    "rmse": 0.17897553741931915,
    "corr": 0.479225532090269
  },
  "physics_fill": {
    "r2": 0.3666381151707526,
    "rmse": 0.16030271351337433,
    "corr": 0.6396130065370136
  },
  "settings": {
    "days": 364,
    "epochs": 100,
    "coarsen_factor": 4
  }
}