{
  "zero_fill": {
    "overall": {
      "mean": 0.2237057569436961,
      "std": 0.025440735938673686,
      "values": [
        0.1982650210050224,
        0.24914649288236979
      ]
    },
    "coastal": {
      "mean": 0.1653303580010299,
      "std": 0.017396998280969522,
      "values": [
        0.1479333597200604,
        0.18272735628199943
      ]
    },
    "open_ocean": {
      "mean": 0.2909022347380121,
      "std": 0.02891990565503183,
      "values": [
        0.26198232908298025,
        0.3198221403930439
      ]
    }
  },
  "replicate_fill": {
    "overall": {
      "mean": 0.3730808584723778,
      "std": 0.005502570146455277,
      "values": [
        0.36757828832592254,
        0.3785834286188331
      ]
    },
    "coastal": {
      "mean": 0.3335990922825418,
      "std": 0.0012410108984365342,
      "values": [
        0.3323580813841053,
        0.33484010318097834
      ]
    },
    "open_ocean": {
      "mean": 0.41731520635196506,
      "std": 0.006462481682874666,
      "values": [
        0.4108527246690904,
        0.42377768803483973
      ]
    }
  },
  "laplace_fill": {
    "overall": {
      "mean": 0.42280916997975043,
      "std": 0.04347391734337197,
      "values": [
        0.37933525263637846,
        0.4662830873231224
      ]
    },
    "coastal": {
      "mean": 0.3949140098740014,
      "std": 0.044490877116620364,
      "values": [
        0.350423132757381,
        0.43940488699062175
      ]
    },
    "open_ocean": {
      "mean": 0.4527115402598106,
      "std": 0.03972107714752743,
      "values": [
        0.41299046311228316,
        0.492432617407338
      ]
    }
  }
}